id_equipamento,ibge,uf,cidade,nome,responsavel,telefone,endereco,numero,complemento,referencia,bairro,cep,georef_location,data_atualizacao
26000503876,260005,PE,Abreu e Lima,CRAS I,,,RUA Rua 186 - 165,165,,De fronte ao CECOM Jerônimo Gadelha,Caetés I,53530468,"-7.918452198522668\,-34.9286699295044",2019-10-28T20:00:09.098Z
26001004579,260010,PE,Afogados da Ingazeira,CRAS - CASA DAS FAMÍLIAS,,,RUA Bela Vista - 160,160,,na antiga creche ao lado da Igreja Católica.,Padre Pedro Pereira,56800000,"-7.74289388597384\,-37.64661401510239",2019-10-28T20:00:09.101Z
26002001307,260020,PE,Afrânio,CENTRO DE REFERÊNCIA DA ASSISTÊNCIA SOCIAL,,,RUA Cel Clementino Coelho - 364,364,,Rua do escritório da Compesa,CENTRO,56360000,"-8.513729361159953\,-41.00557386875153",2019-10-28T20:00:09.104Z
26003001478,260030,PE,Agrestina,CRAS INÊS GUILHERME DE AZEVEDO LIRA,,,RUA REGINALDO PEREIRA - 0,0,,proximo ao CENTRO VOCACIONAL DE TECNOLOGIA CVT,CENTRO,55495000,"-8.448089492856052\,-35.95315940212459",2019-10-28T20:00:09.111Z
26004001913,260040,PE,Água Preta,CRAS CASA DAS FAMÍLIAS,,,PRAÇA SANTA TEREZINHA - 28,28,1º ANDAR,PRÓXIMO A IGREJA CATÓLICA.,CENTRO,55550000,"-8.707\,-35.531000000000006",2019-10-28T20:00:09.114Z
26005004575,260050,PE,Águas Belas,CRAS ZONA URBANA,,,RUA AMAZONIA - 20,20,CASA,EM FRENTE AO HOSPITAL,CENTRO,55340000,"-9.115275106803152\,-37.11782455444337",2019-10-28T20:00:09.121Z
26006002733,260060,PE,Alagoinha,CRAS CENTRO DE REFERENCIA DA ASSISTENCIA SOCIAL,,,RUA FREI JOÃO - 303,303,,ANTIGO PRÉDIO DO CONSELHO TUTELAR,CENTRO,55260000,"-8.464251553613083\,-36.77425235509873",2019-10-28T20:00:09.124Z
26007000320,260070,PE,Aliança,CRAS - Cidade,,,RUA Siqueira Campos - 120,120,,Próximo aos Correios,centro,55890000,"-7.603\,-35.230999999999995",2019-10-28T20:00:09.128Z
26007020215,260070,PE,Aliança,CRAS - Unidade Caueiras,,,PRAÇA 15 de Agosto - 50,50,,Praça 15 de Agosto,Caueiras,55890000,"-7.5976554\,-35.23088000000001",2019-10-28T20:00:09.130Z
26008015054,260080,PE,Altinho,CRAS ANTONIO CABOCLO,,,RUA LUIZ BENEVIDES DE MELO - 153,153,,proximo a USB vila nova,VILA NOVA,55490000,"-8.49087873373046\,-36.066892147064216",2019-10-28T20:00:09.132Z
26009001355,260090,PE,Amaraji,CRAS Amaraji,,,RUA 13 de maio - 25,25,CASA,,centro,55515000,"-8.383\,-35.453",2019-10-28T20:00:09.135Z
26010003511,260100,PE,Angelim,CRAS CASA DAS FAMÍLIAS,,,RUA MIGUEL CALADO BORBA - 27,27,CASA,PRÓXIMO A CÂMARA DE VEREADORES DE ANGELIM.,CENTRO,55430000,"-8.890965266973145\,-36.285653114318855",2019-10-28T20:00:09.137Z
26010505057,260105,PE,Araçoiaba,CRAS - DE ARACOIABA,,,RUA Paulista - 375,375,casa,próximo a Célia Costureira,CENTRO,53690000,"-7.79\,-35.09100000000001",2019-10-28T20:00:09.139Z
26011004627,260110,PE,Araripina,CRAS - MARIA COELHO DANTAS (DONA MIRINHA),,,RUA ANA RAMOS LACERDA - 00,00,,"PRÉDIO DE ESQUINA, EM FRENTE AO HORTIFRÚTI GRANJEIRO.",CENTRO,56280000,"-7.57270237462322\,-40.494661331176765",2019-10-28T20:00:09.141Z
26011004628,260110,PE,Araripina,CRAS I CAVALETE I,,,RUA Julio Valdivino da Silva - 114,114,,,CAVALETE I,56280000,"-7.584730690109248\,-40.505121946334846",2019-10-28T20:00:09.143Z
26011020325,260110,PE,Araripina,CRAS - JÚLIA LOPES ELÓI (Tia Júlia),,,RUA Central - 213,213,CASA,AVENIDA CENTRAL DO DISTRITO.,DISTRITO MORAIS,56287000,"-7.647227838476079\,-40.41461348533631",2019-10-28T20:00:09.145Z
26012004457,260120,PE,Arcoverde,CRAS SÃO CRISTOVÃO - Centro de Referência da Assistência Social,,,RUA Rua Freire Filho - 279,279,casa,,São Cristovão,56503212,,2019-10-28T20:00:09.149Z
26012034637,260120,PE,Arcoverde,CRAS São Geraldo - Centro de Referência da Assistência Social,,,RUA Rua dos Mascates - 62,62,,,Santa Luzia,56515410,"-8.417611750670487\,-37.06231355667115",2019-10-28T20:00:09.152Z
26012036509,260120,PE,Arcoverde,CRAS Cidade Jardim,,,RUA 05 de Julho - 136,136,CASA,,Cidade Jardim,56500000,"-8.433828469693712\,-37.064673900604255",2019-10-28T20:00:09.154Z
26013004622,260130,PE,Barra de Guabiraba,CRAS - BRAS FÉLIX BEZERRA,,,RUA Praxedes Bezerra Pontes - 109,109,,próximo a Delegacia de Polícia Civil,CENTRO,55690000,"-8.4209671\,-35.664058599999976",2019-10-28T20:00:09.156Z
26014003630,260140,PE,Barreiros,CRAS - CENTRO DE REFERÊNCIA DA ASSISTÊNCIA SOCIAL - MAXIMINIANO ACCIOLY CAMPOS,,,TRAVESSA SENADOR FELISBINO VASCONCELOS - 0,0,Casa,,BARRAGEM,55560000,"-8.811414847288857\,-35.20419716835023",2019-10-28T20:00:09.158Z
26015004435,260150,PE,Belém de Maria,CRAS PADRE LUIZ PLEBANY,,,RUA SANTA LUZIA - 33,33,CASA,,CENTRO,55440000,"-8.611233692198187\,-35.806975364685066",2019-10-28T20:00:09.160Z
26016000955,260160,PE,Belém de São Francisco,CRAS - CENTRO DE REFERÊNCIA DE ASSISTÊNCIA SOCIAL (Casa da Cidadania),,,RUA Ana Lina de Sá - 451,451,,"Farmácia Novo Horizonte, Churrascaria Novo Horizonte",Belo Horizonte,56440000,"-8.755568781366039\,-38.96693408489228",2019-10-28T20:00:09.167Z
26017004219,260170,PE,Belo Jardim,CRAS - CENTRO DE REFERENCIA DE ASSISTENCIA SOCIAL,,,RUA SILVESTRE PACHECO LINS - 380,380,,,SANTO ANTONIO,55150000,"-8.3389214\,-36.435845",2019-10-28T20:00:09.169Z
26017004487,260170,PE,Belo Jardim,CRAS COHAB I,,,AVENIDA CINQUENTENÁRIO - 33,33,,,COHAB I,55150000,"-8.3411913\,-36.4090621",2019-10-28T20:00:09.171Z
26018001545,260180,PE,Betânia,CRAS - CENTRO DE REFERENCIA DA ASSISTENCIA SOCIAL,,,RUA TRAVESSA BRIGADEIRO EDUARDO GOMES - 00,00,,Próximo a Creche Maria Edlourdes da Silva,ALTO BOM JESUS,56670000,"-8.26586036156772\,-38.04142177104951",2019-10-28T20:00:09.173Z
26019001253,260190,PE,Bezerros,CRAS I - Centro de Referência da Assistência Social - IRMÃ JÚLIA,,,RUA AVENIDA FELIX ROCHA WANDERLEY - 72,72,,,SANTO AMARO I,55660000,"-8.241391848991759\,-35.75225830078126",2019-10-28T20:00:09.175Z
26019001255,260190,PE,Bezerros,CRAS III - Centro de Referência da Assistência Social - Encruzilhada,,,RUA JOANA MARIA DE MORAES - 54,54,,,Encruzilhada de São João,55660000,"-8.299369706739022\,-35.84253911117753",2019-10-28T20:00:09.177Z
26019020207,260190,PE,Bezerros,CRAS IV - Centro de Referência da Assistência Social - SERRA NEGRA,,,VILA Serra Negra - 0,0,,,Zona Rural,55660000,"-8.167483741181973\,-35.769348211211764",2019-10-28T20:00:09.181Z
26019030546,260190,PE,Bezerros,CRAS II - Centro de Referência da Assistência Social - São Pedro,,,RUA MANOEL DE ANDRADE SANTOS - 54,54,,,SÃO PEDRO,55660000,"-8.236254403918824\,-35.746336906299916",2019-10-28T20:00:09.183Z
26020020256,260200,PE,Bodocó,CRAS SÃO JOSÉ,,,RUA LIBERALINO ALVES - 78,78,CASA,CASA DE REI DAS PORTAS,SÃO JOSE,56220000,"-7.776393545146181\,-39.93800640106202",2019-10-28T20:00:09.187Z
26020030036,260200,PE,Bodocó,CRAS SÃO PEDRO,,,RUA PORFIRIO FERREIRA LIMA - 125,125,,PRÓXIMO A IGREJA ASSEMBLEIA DE DEUS,ZONA RURAL,56220000,"-7.685134279311517\,-40.003066062927246",2019-10-28T20:00:09.189Z
26020036253,260200,PE,Bodocó,CRAS SÃO FRANCISCO,,,RUA VILA CACIMBA NOVA - 07,07,,PRÓXIMO A QUADRA,ZONA RURAL,56220000,,2019-10-28T20:00:09.197Z
26021002664,260210,PE,Bom Conselho,CRAS PARMALAT,,,AVENIDA COMUNITÁRIA - 0,0,,,PARMALAT,55330000,,2019-10-28T20:00:09.202Z
26021020277,260210,PE,Bom Conselho,CRAS SANTA TEREZINHA,,,RUA Monteiro Lobato - 0,0,,Antigo prédio da Creche dos Idosos,CENTRO,55330000,"-9.165293386853541\,-36.67620420455933",2019-10-28T20:00:09.205Z
26021037679,260210,PE,Bom Conselho,CRAS RAINHA IZABEL,,,RUA DA AREIA - 0,0,,DISTRITO DE RAINHA IZABEL,ZONA RURAL,55330000,"-9.276193958022452\,-36.61795735359192",2019-10-28T20:00:09.208Z
26022000025,260220,PE,Bom Jardim,CRAS MUNICIPAL,,,RUA Alto do Carmo - 0,0,CASA,Prédio da Antiga Cadeia.,CENTRO,55730000,"-7.798303879043579\,-35.58965635325877",2019-10-28T20:00:09.211Z
26022037661,260220,PE,Bom Jardim,CRAS UMARI,,,RUA JOAO BATISTA - 0,0,SN,Próximo a Quadra Esportiva de Umari perto da Escola Justulino,UMARI,55730000,"-7.8286737092419045\,-35.65326118390658",2019-10-28T20:00:09.213Z
26023000123,260230,PE,Bonito,CRAS MONSENHOR MIGUEL JOSÉ DA SILVA,,,AVENIDA BRASIL - 38,38,,em frente a Academia das Cidades,MUTIRÃO,55680000,"-8.469995243004963\,-35.73921203613282",2019-10-28T20:00:09.219Z
26023035865,260230,PE,Bonito,CRAS BENTIVI,,,DISTRITO RUA SÃO JOSÉ - 16,16,,Próximo ao CCA1,Centro,55680000,"-8.489387899999999\,-35.718846299999996",2019-10-28T20:00:09.221Z
26023038280,260230,PE,Bonito,CRAS ALTO BONITO,,,RUA Quirino Rodrigues - 00,00,Alto Bonito,Próximo do Mercado,Centro,55680000,"-8.504561136578818\,-35.79783621215819",2019-10-28T20:00:09.225Z
26024001510,260240,PE,Brejão,CRAS Elzi Danielle da Costa Lopes,,,RUA 3 - 38,38,,PROX. AO PSF MANDACARU,COHAB,55325000,"-9.028187201393363\,-36.56862616539002",2019-10-28T20:00:09.227Z
26025004891,260250,PE,Brejinho,CASA DA FAMÍLIA,,,RUA MADALENA GOMES - 54,54,,Ao lado do Ginásio de Esporte,CENTRO,56740000,"-7.347580723875887\,-37.28636384010316",2019-10-28T20:00:09.231Z
26026004245,260260,PE,Brejo da Madre de Deus,CRAS SÃO DOMINGOS,,,RUA ANTONIO VIEIRA DE ARAÚJO - 450,450,,,SÃO DOMINGOS,55178000,"-7.962087762098823\,-36.20884001255036",2019-10-28T20:00:09.233Z
26026020393,260260,PE,Brejo da Madre de Deus,CRAS BOA ESPERANÇA,,,AVENIDA Principal - 147,147,,,BOA ESPERANÇA,55170000,"-8.139332033030366\,-36.37497359194862",2019-10-28T20:00:09.235Z
26026030391,260260,PE,Brejo da Madre de Deus,CRAS FAZENDA NOVA,,,AVENIDA SOARES DA COSTA - 00,00,,CENTRO DE FAZENDA NOVA,FAZENDA NOVA,55175000,"-8.172413727788681\,-36.19405835866928",2019-10-28T20:00:09.236Z
26026037705,260260,PE,Brejo da Madre de Deus,CRAS SEDE,,,RUA JOAO CORDEIRO WANDERLEI - 15,15,,EM FRENTE À ANTIGA CADEIA,CENTRO,55170000,"-8.0719859\,-36.346018096",2019-10-28T20:00:09.239Z
26027001039,260270,PE,Buenos Aires,CRAS CENTRO DE REFERÊNCIA DE ASSISTÊNCIA SOCIAL - CASA DA FAMÍLIA,,,AVENIDA JOAO TEOBALDO DE AZEVEDO - 0,0,,PRÓXIMO AO POSTO DE COMBUSTÍVEL DA VILA SÃO LUIZ,VILA SAO LUIZ,55845000,"-7.7205988\,-35.32735439999999",2019-10-28T20:00:09.241Z
26028004422,260280,PE,Buíque,CRAS Centro,,,AVENIDA AIRTON SENNA - 110,110,casa,Próximo a feira livre,CENTRO,56520000,"-8.625182810731904\,-37.158406376838684",2019-10-28T20:00:09.243Z
26028036343,260280,PE,Buíque,CRAS FREI DAMIÂO,,,QUADRA C - 01,01,,PRÓXIMO AO SESC LER BUIQUE,quadra,56520000,"-8.621247408125384\,-37.15713500976563",2019-10-28T20:00:09.252Z
26029004605,260290,PE,Cabo de Santo Agostinho,CRAS JUÇARAL,,,RUA DO COMERCIO - 00,00,,,JUÇARAL,54570000,"-8.21539803724223\,-35.22963523864746",2019-10-28T20:00:09.255Z
26029004606,260290,PE,Cabo de Santo Agostinho,CRAS PONTEZINHA,,,AVENIDA CONDE DA BOA VISTA - 0,0,,,PONTEZINHA,54500001,"-8.21666797427434\,-34.965305480957",2019-10-28T20:00:09.258Z
26029004607,260290,PE,Cabo de Santo Agostinho,CRAS PONTE DOS CARVALHOS,,,AVENIDA PREFEITO DIOMEDES FERREIRA DE MELO - 0,0,,,PONTE DOS CARVALHOS,54580225,"-8.240000883481665\,-34.98116612434388",2019-10-28T20:00:09.260Z
26029004609,260290,PE,Cabo de Santo Agostinho,CRAS CHARNECA,,,RUA 34 - 35,35,,,CHARNECA,54500000,"-8.284069749223956\,-35.05912647008893",2019-10-28T20:00:09.262Z
26029004621,260290,PE,Cabo de Santo Agostinho,CRAS VILA ROCA,,,AVENIDA HISTORIADOR ISRAEL FELIPE - 577,577,,,SANTO INÁCIO,54510280,"-8.283585680399801\,-35.02432823181153",2019-10-28T20:00:09.264Z
26029037193,260290,PE,Cabo de Santo Agostinho,CRAS - PRAIA,,,RUA DAS ACACIAS - 140,140,,,Praia de Gaibu,54510001,"-8.340440389000133\,-34.9560821056366",2019-10-28T20:00:09.267Z
26029038588,260290,PE,Cabo de Santo Agostinho,CRAS - CHARNEQUINHA,,,RUA CINCO - 0,0,,,CHARNEQUINHA,54505325,"-8.296246133746111\,-35.04657715559006",2019-10-28T20:00:09.273Z
26029038656,260290,PE,Cabo de Santo Agostinho,CRAS - PONTE DOS CARVALHOS II,,,RUA DA RECONCILIAÇÃO - 76,76,,,PONTE DOS CARVALHOS,54580780,"-8.239926556942714\,-34.9876892566681",2019-10-28T20:00:09.277Z
26030001562,260300,PE,Cabrobó,CRAS URBANO SUBESTAÇÃO - CASA DA FAMÍLIA,,,RUA FRANCISCO GOMES NOVAES - 24,24,,,SUBESTAÇÃO,56180000,"-8.51753324549341\,-39.30399656295777",2019-10-28T20:00:09.280Z
26030004690,260300,PE,Cabrobó,CRAS Indígena TRUKÁ,,,ALDEIA VILA NOVA INDIGENA KM 15 - 15,15,,PRÓXIMO A IGREJA,ILHA DA ASSUNÇÃO,56180000,"-8.51621754082449\,-39.42430973052979",2019-10-28T20:00:09.284Z
26030037617,260300,PE,Cabrobó,CRAS JÚLIO JOAQUIM DOS SANTOS,,,RUA ANTONIO JOSÉ - 139,139,,POR TRÁS DO POSTO VALDIVINO,Alto da Temperatura,56180000,"-8.503081467228393\,-39.32026147842408",2019-10-28T20:00:09.287Z
26031003232,260310,PE,Cachoeirinha,CRAS,,,AVENIDA 31 DE MARÇO - 278,278,,Próximo a prefeitura municipal.,CENTRO,55380000,"-8.489358670392646\,-36.2371587753296",2019-10-28T20:00:09.289Z
26032000880,260320,PE,Caetés,CRAS CENTRO DE REFERENCIA DE ASSISTENCIA SOCIAL,,,RUA MANOEL BROCA - 05,05,,PRÓXIMO A IGREJA CATÓLICA DA RUA NOVA,NOSSA SENHORA APARECIDA,55360000,"-8.775930189724669\,-36.63181364536286",2019-10-28T20:00:09.296Z
26033004411,260330,PE,Calçado,Centro de Referencia de Assistencia Social de Calçado,,,RUA TERTULINO ALVES - 173,173,,Próximo a quadra da escola Maria Célia,CENTRO,55375000,"-8.739949041626508\,-36.33517742156983",2019-10-28T20:00:09.298Z
26034030389,260340,PE,Calumbi,CRAS CALUMBI,,,RUA Manoel Berlamino de Souza - 285,285,CASA,Vizinho a Rodoviária.,CENTRO,56930000,"-7.938429605484102\,-38.15328598022462",2019-10-28T20:00:09.305Z
26034501690,260345,PE,Camaragibe,CRAS V - ALDEIA,,,AVENIDA Lauro Muller - 24,24,,Próximo ao campo do Vera Cruz e Escola municipal São josé,VERA CRUZ,54768200,"-7.955478704118544\,-35.00919520854951",2019-10-28T20:00:09.312Z
26034501692,260345,PE,Camaragibe,CRAS II - SANTANA,,,RUA Rua Natal - 177,177,,"em frente a garagem da metropolitana, depois 1ª esquerda.",Santana,54771000,"-8.017352092703867\,-35.00667929649354",2019-10-28T20:00:09.314Z
26034501693,260345,PE,Camaragibe,CRAS IV - TABATINGA,,,RUA UBERLÂNDIA - 37,37,,AO LADO DA IGREJA ASSEMBLÉIA DE DEUS,TABATINGA,54768000,"-7.994621418650664\,-34.98289900398254",2019-10-28T20:00:09.316Z
26034515399,260345,PE,Camaragibe,CRAS I - TIMBI,,,RUA Satiro Ivo - 140,140,,próximo a escola Francisco de Paula.,TIMBI,54768755,"-8.020730501473217\,-34.98991012573243",2019-10-28T20:00:09.319Z
26034538840,260345,PE,Camaragibe,CRAS III PARQUE CAMARAGIBE,,,RUA ALLAN KARDEC - 059,059,,ANTIGO POSTO FISCAL,VILA DA INABI,54753000,"-8.022\,-34.981",2019-10-28T20:00:09.321Z
26035003554,260350,PE,Camocim de São Félix,CRAS CENTRO DE REFERENCIA DA ASSISTÊNCIA SOCIAL NOSSA SENHORA DO CARMO,,,RUA NOSSA SENHORA DO CARMO - 100,100,,POR TRAS DA ESCOLA MÃE RAINHA,CENTRO,55665000,"-8.364881499974953\,-35.7621717453003",2019-10-28T20:00:09.323Z
26036000888,260360,PE,Camutanga,CRAS ALTO SANTA TEREZINHA,,,RUA João Nogueira de Carvalho - 12,12,,Próximo a Escola Cantinho da Criança,CENTRO,55930000,"-7.408984162763525\,-35.273880958557136",2019-10-28T20:00:09.325Z
26037004434,260370,PE,Canhotinho,CASA DAS FAMILIAS,,,RUA AMAPA - 5,5,CASA,antigo Centro Social,centro,55420000,"-8.884054053267707\,-36.18939399719239",2019-10-28T20:00:09.327Z
26038000537,260380,PE,Capoeiras,CRAS CAPOEIRAS,,,RUA JOÃO BENEVIDES DE SANTANA - 00,00,,AO LADO DO CENTRO DE CONVIVÊNCIA RUA PRÓXIMA A PRAÇA DA JAQUEIRA.,COHAB,55365000,"-8.742953211812475\,-36.62624898147584",2019-10-28T20:00:09.328Z
26039004682,260390,PE,Carnaíba,CRAS -CENTRO DE REFERENCIA DA ASSISTENCIA SOCIAL - CASA DAS FAMÍLIAS,,,RUA MARIO MELO - 120,120,ENDEREÇO NOVO,PRÓXIMO A ESCOLA JOÃO GOMES DOS REIS,SANTA LUZIA,56820000,"-7.803100996643213\,-37.794079184532166",2019-10-28T20:00:09.332Z
26039215350,260392,PE,Carnaubeira da Penha,CRAS Professora Nery Freire Novaes,,,TRAVESSA MANOEL FREIRE DA SILVA - 152,152,,Próximo ao Cruzeiro e Concha Acustica,CENTRO,56420000,"-8.321141180804368\,-38.74392986297608",2019-10-28T20:00:09.333Z
26040000590,260400,PE,Carpina,CRAS DO SANTO ANTONIO,,,AVENIDA DOUTOR ASSIS CHATEUABRIAND - 161,161,CASA,Em frente ao Colégio Educarte,SANTO ANTÔNIO,55816410,"-7.844835611503804\,-35.25997638702393",2019-10-28T20:00:09.337Z
26040030493,260400,PE,Carpina,CRAS BAIRRO NOVO,,,RUA MARIA ARAÚJO CALDEIRA - 68,68,,APÓS CARLINHOS DO FERRO VELHO,JARDIM NEÓPOLES,55819265,"-7.840552332769341\,-35.235428810119636",2019-10-28T20:00:09.339Z
26041004572,260410,PE,Caruaru,CRAS CENTENÁRIO,,,RUA PROFESSORA MARIA EMÍLIA - 460,460,,PRAÇA DO CENTENÁRIO,CENTENÁRIO,55008430,"-8.282141778911707\,-35.97835779190064",2019-10-28T20:00:09.341Z
26041006717,260410,PE,Caruaru,CRAS BONANCA,,,RUA HERMÍNIO RIBEIRO - 549,549,CASA,POR TRAZ DO HOSPITAL DA MULHER,ROSANOPÓLIS,55024585,"-8.301490680077837\,-35.962527394294746",2019-10-28T20:00:09.342Z
26041006730,260410,PE,Caruaru,CRAS MARIA AUXILIADORA,,,RUA Inocêncio Leonel - 137,137,CASA,"Ao lado da Biblioteca municipal, Professor Aleixo Leite Filho",Maria Auxiliadora,55038575,"-8.277204869842642\,-35.992991924285896",2019-10-28T20:00:09.344Z
26041006739,260410,PE,Caruaru,CRAS SALGADO,,,RUA ROBERTO SIMONSEN - 201,201,LOJA D,,SALGADO,55018570,"-8.26901901974063\,-35.95598816871644",2019-10-28T20:00:09.346Z
26041006745,260410,PE,Caruaru,CRAS TAQUARA,,,RESIDENCIAL LUIZ BEZERRA TORRES - 01,01,,Próximo a escola municipal.,Taquara de cima,55000000,"-8.286367299214554\,-36.05951070785523",2019-10-28T20:00:09.348Z
26041033519,260410,PE,Caruaru,CRAS ITAÚNA,,,RUA Boa Vista - 00,00,,Ao lado da Unidade de Saúde,Itaúna - SEGUNDO DISTRITO,55000000,"-8.162120273990485\,-36.15336656570435",2019-10-28T20:00:09.350Z
26041033521,260410,PE,Caruaru,CRAS XICURU,,,VILA XICURU - 00,00,,,XICURU- QUARTO DISTRITO,55000000,"-8.214017599254214\,-36.03530645370484",2019-10-28T20:00:09.352Z
26041033523,260410,PE,Caruaru,CRAS MALHADA DE PEDRA,,,VILA MALHADA DE PEDRA - 00,00,,EM FRENTE A IGREJA CATÓLICA,TERCEIRO DISTRITO DE CARUARU,55000000,"-8.249217266058823\,-35.91696739196778",2019-10-28T20:00:09.354Z
26041034992,260410,PE,Caruaru,CRAS PAU SANTO,,,RUA João Bezerra - 00,00,,Próximo à Igreja Católica,PAU SANTO PRIMEIRO DISTRITO,55000000,"-8.345700266543583\,-35.89484453201295",2019-10-28T20:00:09.356Z
26041035617,260410,PE,Caruaru,CRAS RENDEIRAS DO CEDRO,,,RUA DO CEDRO - 520,520,,Em frente a Creche Leopoldina Queiroz,RENDEIRAS DO CEDRO,55038665,"-8.279986533748794\,-35.946364402771",2019-10-28T20:00:09.358Z
26041500062,260415,PE,Casinhas,CRAS URBANO,,,RUA SEVERINO AUGUSTO DE MIRANDA - 2,2,------------------------------------------,PRÓXIMO A SECRETARIA DE EDUCAÇÃO,CENTRO,55755000,"-7.744698\,-35.7250923",2019-10-28T20:00:09.360Z
26041515365,260415,PE,Casinhas,CRAS TANCREDO LIMA DE SANTANA - Catolé,,,SITIO CATOLÉ DE NAPOLEÃO - 1,1,------------------------------------------,Próximo a Unidade Básica de Saúde da Família - UBSF,ZONA RURAL,55755000,"-7.752868610377736\,-35.72189033031464",2019-10-28T20:00:09.362Z
26041536177,260415,PE,Casinhas,CRAS - Josivânia Maria Lira Ferreira - Montado,,,SITIO MONTADO - 0,0,,em frente a UBS,SITIO,55755000,"-7.759056542344261\,-35.721101760864265",2019-10-28T20:00:09.363Z
26042006363,260420,PE,Catende,CRAS CATENDE,,,RUA Rua Coronel mendo Sampaio - 10,10,,Próximo a Prefeitura,Centro,55400000,"-8.6707127509378\,-35.72063237428665",2019-10-28T20:00:09.373Z
26043000081,260430,PE,Cedro,CRAS - CASA DAS FAMILIAS,,,RUA DO ENGENHO VELHO - 190,190,,,CENTRO,56130000,"-7.719284393993638\,-39.23737049102784",2019-10-28T20:00:09.375Z
26044001031,260440,PE,Chã de Alegria,CRAS ALEGRIA DE ACOLHER,,,RUA Rua do Mutirão - 125,125,casa,Antiga Matança/ Próximo a Padaria Estrela,Centro,55835000,"-7.985797676445874\,-35.21186828613282",2019-10-28T20:00:09.376Z
26045004580,260450,PE,Chã Grande,CRAS I - JACI MOREIRA DOS SANTOS,,,RUA José do Carmo Pereira - 07,07,,Morada Nova,Beatriz Alves,55636000,"-8.243398653208159\,-35.45459747314453",2019-10-28T20:00:09.379Z
26045020564,260450,PE,Chã Grande,CRAS II,,,AVENIDA 20 de Dezembro - 251,251,casa,Próximo ao Conselho Tutelar e à Secretaria de Educação.,Centro,55636000,"-8.246169937527485\,-35.45931816101075",2019-10-28T20:00:09.381Z
26046002255,260460,PE,Condado,CRAS - JORGECI FRANCO DE OLIVEIRA,,,RUA JOSE MALHEIROS - 118,118,CASA,PROXIMO A SERRARIA DO CLEMENTE,CENTRO,55940000,"-7.586\,-35.105999999999995",2019-10-28T20:00:09.382Z
26047004502,260470,PE,Correntes,CRAS CASA DAS FAMÍLIAS,,,RUA 04 de Outubro - 57,57,,Próximo a Secretaria de Assistencia Social e Cidadania,CENTRO,55315000,"-9.130681\,-36.32595630000003",2019-10-28T20:00:09.384Z
26047020419,260470,PE,Correntes,CRAS PAU AMARELO,,,DISTRITO PAU AMARELO - 203,203,POVOADO,próximo a Unidade Básica de Saúde,ZONA RURAL,55315000,"-9.129\,-36.329999999999984",2019-10-28T20:00:09.387Z
26047035133,260470,PE,Correntes,CRAS POÇO COMPRIDO,,,DISTRITO João Pinheiro de Araujo-Poço comprido - 00,00,,PROXIMO A PRAÇA PRINCIPAL E USF,distrito,55315000,"-9.12980984781461\,-36.32583357975818",2019-10-28T20:00:09.389Z
26048003639,260480,PE,Cortês,CENTRO DE REFERENCIA DA ASSISTENCIA SOCIAL,,,AVENIDA RUA 10 DE MARÇO - 0,0,,,CENTRO,55525000,"-8.472202495155507\,-35.540544032264734",2019-10-28T20:00:09.391Z
26049004405,260490,PE,Cumaru,CRAS - CENTRO DE REFERÊNCIA DE ASSISTÊNCIA SOCIAL,,,RUA Antônio Felix da Costa - 0,0,,Proximo a Quadra Estadual,MATADOURO,55655000,"-8.011825658526163\,-35.7052606344223",2019-10-28T20:00:09.392Z
26050003520,260500,PE,Cupira,CRAS I CENTRO DE REFERENCIA DE ASSISTENCIA SOCIAL,,,RUA ELIZEU DE SOUZA CRUZ - 0,0,,AO LADO DO PRÉDIO DO SCFV,COHAB,55460000,"-8.599719615441346\,-35.94953866004943",2019-10-28T20:00:09.396Z
26050020157,260500,PE,Cupira,CRAS II - CENTRO DE REFERENCIA DE ASSISTENCIA SOCIAL,,,RUA BERTULINO LUIZ DA SILVA - 18,18,CASA,PRÓXIMO AO ANTIGO CINEMA,SÃO JOÃO,55460000,"-8.609727368769198\,-35.948789119720466",2019-10-28T20:00:09.398Z
26051004898,260510,PE,Custódia,"CRAS CENTRO DE REFERENCIA DA ASSISTENCIA SOCIAL ""CASA DAS FAMILIAS""",,,RUA FRANCISCO RODRIGUES DE REZENDE - 84,84,CASA,PRÓXIMO A CASA DE FORÇA,CRUZEIRO,56640000,"-8.089163778986647\,-37.62776613235474",2019-10-28T20:00:09.400Z
26051020413,260510,PE,Custódia,CRAS II PINDOBA,,,AVENIDA GERSON GONÇALVES DE LIMA - 2728,2728,CASA,"Na BR 232, defronte ao Posto Custódia.",PINDOBA,56640000,"-8.08836181060277\,-37.62668251991272",2019-10-28T20:00:09.402Z
26051504581,260515,PE,Dormentes,CRAS CASA DAS FAMILIAS,,,RUA Severo Marques de Carvalho - 00,00,,Rua da academia da saúde.,DEDE DAMASCENO,56355000,"-8.444547262569\,-40.76895475387574",2019-10-28T20:00:09.405Z
26052004615,260520,PE,Escada,CRAS I - CENTRO DE REFERÊNCIA DE ASSISTÊNCIA SOCIAL,,,AVENIDA MANOEL ALVES - 70,70,,ESCOLA CRESCENDO E APRENDENDO,MATADOURO VELHO,55500000,"-8.363735110760373\,-35.243968963623054",2019-10-28T20:00:09.409Z
26052033953,260520,PE,Escada,CRAS II - CENTRO DE REFERENCIA DA ASSISTENCIA SOCIAL,,,RUA PAULO PARÍSIO - 21,21,,,JAGUARIBE,55500000,"-8.371000236527786\,-35.24034738555201",2019-10-28T20:00:09.413Z
26052037605,260520,PE,Escada,CRAS III CENTRO DE REFERENCIA DA ASSISTENCIA SOCIAL,,,RUA AV. Ministro André Cavalcate - 150,150,,,FREIXEIRAS,55500000,"-8.384669155592405\,-35.321850777691004",2019-10-28T20:00:09.422Z
26053004582,260530,PE,Exu,CRAS - MARIA SARAIVA ALBUQUERQUE,,,RUA FREI DAMIÃO - 04,04,CASAS POPULARES,De frente com a Cadeia Pública,WILSON MOREIRA SARAIVA,56230000,"-7.5161350209527695\,-39.728670716285706",2019-10-28T20:00:09.425Z
26053020094,260530,PE,Exu,CRAS MARIA PINTO DA SOLIDADE,,,RUA JOSÉ PINTO SARAIVA - 59,59,Casa,EM FRENTE A PRACINHA DA VILA,VILA NOSSA SENHORA APARECIDA,56230000,"-7.5192355946964815\,-39.7198247909546",2019-10-28T20:00:09.426Z
26054011056,260540,PE,Feira Nova,CRAS TRÊS IRMÃS,,,RUA Santo Dumont - 48,48,,Defronte ao Hospital Municipal,Centro,55715000,"-7.948545454033938\,-35.38262844085694",2019-10-28T20:00:09.430Z
26054530408,260545,PE,Fernando de Noronha,CRAS Fernando de Noronha,,,OUTROS BR 363 - 0,0,0,EM FRENTE A ESCOLA ARQUIPELAGO,FLORESTA NOVA,53990000,"-3.847566223224173\,-32.41453886032105",2019-10-28T20:00:09.432Z
26055004883,260550,PE,Ferreiros,CRAS - CENTRO DE REFERÊNCIA DE ASSISTÊNCIA SOCIAL - CASA DA FAMÍLIA,,,RUA IMACULADA CONCEIÇÃO - 25,25,,Próximo a Igreja Matriz,CENTRO,55880000,"-7.449667\,-35.2426004",2019-10-28T20:00:09.434Z
26056004958,260560,PE,Flores,CRAS - Casa das Familias Florenses,,,RUA PADRE ANÍSIO SOARES - 06,06,CASA,PRÓXIMO A IGREJA ASSEMBLÉIA DE DEUS,CENTRO,56850000,"-7.8609101\,-37.97467289999997",2019-10-28T20:00:09.438Z
26057004577,260570,PE,Floresta,CRAS - Centro de Referência de Assistência Social,,,AVENIDA MANOEL ALVES DE CARVALHO - 0,0,CASA,EM FRENTE AO COMPARE SUPERMERCADO,PARQUE DAS CARAIBEIRAS,56400000,,2019-10-28T20:00:09.440Z
26058033321,260580,PE,Frei Miguelinho,CRAS GAUDÊNCIO ASSUNÇÃO,,,DISTRITO Povoado Lagoa de João Carlos - 00,00,,,zona rural,55780000,"-7.87643272731882\,-35.86129546165467",2019-10-28T20:00:09.443Z
26059000529,260590,PE,Gameleira,CRAS CENTRO DE REFERÊNCIA DE ASSISTÊNCIA SOCIAL,,,RUA SEBASTIÃO REGO BARROS - 527,527,,,CENTRO,55530000,"-8.579803\,-35.384573",2019-10-28T20:00:09.446Z
26060004412,260600,PE,Garanhuns,CRAS Várzea,,,RUA OSCAR FRANCISCO - 59,59,CASA,,Vazea,55294685,"-8.89439365249443\,-36.513103156566615",2019-10-28T20:00:09.451Z
26060004413,260600,PE,Garanhuns,CRAS QUILOMBO,,,SITIO Comunidade Quilombola Castainho - 0,0,,Vizinho a Casa de Farinha do Castainho.,Zona Rural,55290000,"-8.923993129853464\,-36.50653839111329",2019-10-28T20:00:09.454Z
26060004414,260600,PE,Garanhuns,CRAS BOA VISTA,,,RUA VEREADOR JOÃO BEZERRA SOBRINHO - 147,147,CASA,TORRE DA TIM OU ESCOLA SÃO FRANCISCO DE ASSIS,BOA VISTA,55292380,"-8.904017879519994\,-36.488997414708145",2019-10-28T20:00:09.457Z
26060004453,260600,PE,Garanhuns,CRAS HELIÓPOLIS,,,RUA MANOEL PESSOA JUVENAL - 200,200,CASA,Próximo ao mercado Balaio,HELIÓPOLIS,55290000,"-8.876859048795922\,-36.46934869078518",2019-10-28T20:00:09.459Z
26060004533,260600,PE,Garanhuns,CRAS MAGANO,,,RUA LUIZ PEDRO DA SILVA - 1035,1035,CASA,LUIZ DAS MISSANGAS,MAGANO,55294368,"-8.877856905167151\,-36.500032693147666",2019-10-28T20:00:09.461Z
26060012435,260600,PE,Garanhuns,CRAS BELA VISTA,,,RUA Rua Radialista Flauberto Elias - 1040,1040,CASA,Em frente a Rádio Meridional,D. HELDER CÂMARA DE ARAÚJO,55290000,"-8.866364674844464\,-36.49878948926926",2019-10-28T20:00:09.492Z
26061003612,260610,PE,Glória do Goitá,CRAS-Centro de Referencia de Assistência Social,,,RUA Anaxis - 105,105,,Próximo a Capela da Nova Glória,Nova Glória,55620000,"-8.000438379388903\,-35.29645442962647",2019-10-28T20:00:09.494Z
26062002183,260620,PE,Goiana,CRAS I - Casa de Proteção à Família,,,RUA SÃO PAULO - 16,16,,Perto da Vaca Mecânica.,MUTIRÃO,55900000,"-7.566618960770774\,-35.01535892486573",2019-10-28T20:00:09.496Z
26062030364,260620,PE,Goiana,CRAS II - Casa da Família,,,RUA Do Meio - 251,251,,APOS O BANCO DO BRASIL,Baldo do Rio,55900000,"-7.557181819797014\,-34.998762109756456",2019-10-28T20:00:09.499Z
26063003753,260630,PE,Granito,CRAS - CENTRO DE REFERENCIA DE ASSISTENCIA SOCIAL,,,RUA AVENIDA JOSÉ SARAIVA XAVIER - 0,0,,EM FRENTE A ACADEMIA DA CIDADE,Centro,56160000,"-7.711544509728596\,-39.61541175842286",2019-10-28T20:00:09.501Z
26064001849,260640,PE,Gravatá,CRAS I,,,RUA PRIMEIRO DE JANEIRO - 98,98,,,CRUZEIRO,55644250,"-8.204688898275775\,-35.57266831398011",2019-10-28T20:00:09.507Z
26064001863,260640,PE,Gravatá,CRAS II,,,"RUA JOAQUIM SOUTO , S/N - 0",0,Loteamento Santiago,"Final da Rua do Hospital Paulo da Veiga Pessoa, mais conhecido como hospital Virginia Guerra, em frente ao Posto de Saúde Ana Caminha",ÁREA VERDE,55642550,"-8.201046557158996\,-35.5587100982666",2019-10-28T20:00:09.509Z
26064020077,260640,PE,Gravatá,CRAS III,,,RUA AGENOR PEIXOTO - 0,0,,,RIACHO DO MEL,55640000,"-8.215567936970432\,-35.56569457054138",2019-10-28T20:00:09.511Z
26064035589,260640,PE,Gravatá,CRAS IV,,,RUA HELENO JOAQUIM DE SANTANA - 23,23,,,MARIA AUXILIADORA,55641494,"-8.200965452978107\,-35.558739028836044",2019-10-28T20:00:09.513Z
26065004423,260650,PE,Iati,CRAS IATI,,,RUA JOSÉ LOURENÇO DA COSTA - 33,33,,Próximo ao Forum,CENTRO,55345000,"-9.042936419278584\,-36.84625625610352",2019-10-28T20:00:09.514Z
26066004500,260660,PE,Ibimirim,"CRAS - CENTRO DE REFERÊNCIA DE ASSISTÊNCIA SOCIAL ""CASA DA FAMÍLIA""",,,RUA JOSÉ RAFAEL DE FREITAS - 293,293,Casa,,LAJES,56580000,"-8.536122395277644\,-37.699617147445686",2019-10-28T20:00:09.516Z
26067004436,260670,PE,Ibirajuba,CRAS - CENTRO DE REFERENCIA DE ASSISTENCIA SOCIAL,,,RUA MIGUEL INÁCIO DE SOBRAL - 27,27,,PRÓXIMO A RESIDÊNCIA DO SR. PEDRO EVANGELISTA DE ARANDAS,MUTIRAO,55390000,"-8.579620859913184\,-36.17769956588746",2019-10-28T20:00:09.518Z
26068004583,260680,PE,Igarassu,CRAS I - BEIRA MAR I,,,RUA Rua Rubens Martins Berta - 22,22,,Próximo á unidade de saúde do TAEPE,CENTRO,53605065,"-7.8255849\,-34.9131163",2019-10-28T20:00:09.524Z
26068020543,260680,PE,Igarassu,CRAS II - Cruz De Rebouças,,,RUA Tenente Pedro Galvao - 267,267,,Na rua da paroquia de nossa senhora do Rosario.,Cruz de Rebouças,53635120,"-7.834\,-34.906000000000006",2019-10-28T20:00:09.526Z
26069002075,260690,PE,Iguaraci,CRAS - Centro de Referência de Assistência social - Iguaracy,,,RUA AVENIDA BEZERRA CAMÂRA - 00,00,,ANTIGO PSF,Centro,56840000,"-7.835790720536778\,-37.51266717910767",2019-10-28T20:00:09.528Z
26070002036,260700,PE,Inajá,CRAS - CENTRO DE REFERÊNCIA DE ASSISTÊNCIA SOCIAL - CASA DAS FAMÍLIAS,,,RUA SANTOS DUMONT - 500,500,SEDE,,ALTO DO JORRO,56560000,"-8.900275899722075\,-37.827112652778624",2019-10-28T20:00:09.532Z
26071004515,260710,PE,Ingazeira,CRAS CENTRO DE REFERÊNCIA EM ASSISTÊNCIA SOCIAL,,,RUA DO COMÉRCIO - 80,80,,,CENTRO,56830000,"-7.677308710110622\,-37.45977401733399",2019-10-28T20:00:09.539Z
26072004516,260720,PE,Ipojuca,CRAS ESPAÇO FAMÍLIA CIDADÃ - IPOJUCA,,,RUA Hilda da Costa Monteiro - 198,198,,Próximo a Assembleia de Deus - Centro,Centro,55590000,"-8.396804099999999\,-35.059365100000036",2019-10-28T20:00:09.545Z
26072030474,260720,PE,Ipojuca,CRAS BERTOLINA BRAZ DE ARAÚJO - NOSSA SENHORA DO Ó,,,RUA Praça Alberto Costa - 03,03,,Próximo ao supermercado Nova Cobal,Nossa Senhora do Ó,55590000,"-8.442403527797802\,-35.011260509490974",2019-10-28T20:00:09.547Z
26072030475,260720,PE,Ipojuca,CRAS JOSE MARIANO GUILHERME - CAMELA,,,RUA Rua Antonio Jose Costa Soares - 37,37,,próximo a Igreja Assembleia de Deus,Camela,55590000,"-8.399080558347723\,-35.063896179199226",2019-10-28T20:00:09.549Z
26073003824,260730,PE,Ipubi,CRAS CENTRO DE REFERENCIA DE ASSISTÊNCIA SOCIAL CASA DA SOLIDARIEDADE,,,RUA DO ACESSO - 720,720,,,JD ROCHA,56260000,"-7.655808918713877\,-40.15421390533448",2019-10-28T20:00:09.552Z
26074014779,260740,PE,Itacuruba,CRAS PORTAL DA FAMILIA,,,RUA ALVARO MAGALHAES DE ARAUJO - 413,413,CASA,por trás da Av. principal na parte periférica da cidade,CENTRO,56430000,"-8.727817576832635\,-38.68582785129548",2019-10-28T20:00:09.556Z
26075004585,260750,PE,Itaíba,CRAS - CASA DAS FAMÍLIAS DE ITAÍBA,,,RUA DA AURORA - 03,03,,PRÓXIMO À SECRETARIA DE EDUCAÇÃO,CENTRO,56550000,"-8.947373693404364\,-37.42205142974854",2019-10-28T20:00:09.557Z
26075034999,260750,PE,Itaíba,CRAS - NEGRAS,,,AVENIDA Major Antonio Inacio - 116,116,,PRÓXIMO à Escola Frei João,negras,56550000,"-8.988132405213932\,-37.4870252609253",2019-10-28T20:00:09.614Z
26076004584,260760,PE,Ilha de Itamaracá,CRAS,,,RUA Rufino Gonçalves - 02,02,,,4 Cantos,53900000,"-7.741260499999999\,-34.824816999999996",2019-10-28T20:00:09.617Z
26076500482,260765,PE,Itambé,CENTRO DE REFERÊNCIA DE ASSISTÊNCIA SOCIAL,,,RUA SENADOR PAULO GUERRA - 201,201,PREDIO,,Vila da Cohab,55920000,"-7.406909502078127\,-35.117594003677375",2019-10-28T20:00:09.621Z
26077004586,260770,PE,Itapetim,CRAS - CASA DA FAMÍLIA,,,RUA AUGÊNCIO LEITE - 97,97,,ANTIGO POSTO DE GASOLINA,POUSADA,56720000,"-7.375937382193925\,-37.199749946594245",2019-10-28T20:00:09.625Z
26077504658,260775,PE,Itapissuma,CRAS - CENTRO DE REFERÊNCIA DE ASSISTÊNCIA SOCIAL - CRAS,,,RUA BARÃO DE ITAPISSUMA - 00,00,,,GREMIO,53700000,"-7.773624148012434\,-34.906011859893795",2019-10-28T20:00:09.627Z
26078000563,260780,PE,Itaquitinga,CRAS - CASA DA FAMÍLIA,,,"RUA Jose Barbosa de Oliveira, Loteamento Gutiúba 2 - 12",12,CASA,PRÓXIMO AO SALÃO DAS TESTEMUNHAS DE JEOVÁ,CHÃ DE AREIAS,55950000,"-7.670790836649387\,-35.10374307632447",2019-10-28T20:00:09.629Z
26079004058,260790,PE,Jaboatão Dos Guararapes,CRAS VILA RICA,,,RUA Avenida Barão de Lucena S/N - 01,01,,Próximo à Estação de Metrô,Centro,54000000,"-8.112061692599697\,-35.01501291990281",2019-10-28T20:00:09.631Z
26079004059,260790,PE,Jaboatão Dos Guararapes,CRAS CAVALEIRO,,,AVENIDA Governador Agamenon Magalhães - 270,270,,BANCO DO BRASIL,CAVALEIRO,54210000,"-8.090474\,-34.97056989999999",2019-10-28T20:00:09.633Z
26079004060,260790,PE,Jaboatão Dos Guararapes,CRAS CURADO,,,RUA DOIS - 0,0,,POR TRÁS DA ASSOCIAÇÃO DO CURADO IV,CURADO IV,54270991,"-8.070957110647043\,-34.99437332153321",2019-10-28T20:00:09.635Z
26079004063,260790,PE,Jaboatão Dos Guararapes,CRAS PRAIAS,,,RUA Quimico Antonio Victor - 405,405,,,Candeias,54440030,"-8.20768876056761\,-34.92167472839356",2019-10-28T20:00:09.637Z
26079004064,260790,PE,Jaboatão Dos Guararapes,CRAS JARDIM JORDÃO,,,AVENIDA Barreto de Menezes - 487,487,,,Guararapes,43250054,"-8.158164246191388\,-34.93144869804383",2019-10-28T20:00:09.639Z
26079015102,260790,PE,Jaboatão Dos Guararapes,CRAS JABOATÃO CENTRO,,,RUA Santo Amaro - 36,36,,,Jaboatão Centro,54080320,"-8.111145588643234\,-35.01939296722413",2019-10-28T20:00:09.641Z
26079015103,260790,PE,Jaboatão Dos Guararapes,CRAS PRAZERES / COMPORTA,,,RUA DR LUIS RIGUEIRA - 474,474,,PROX MERCADO DAS MANGUEIRAS,PIEDADE,54335630,"-8.1635893\,-34.93034349999999",2019-10-28T20:00:09.643Z
26079015104,260790,PE,Jaboatão Dos Guararapes,CRAS MURIBECA,,,ESTRADA Eixo da Integração - 3032,3032,,,Jardim Muribeca,54350310,"-8.156799540268372\,-34.967529773712165",2019-10-28T20:00:09.645Z
26079015114,260790,PE,Jaboatão Dos Guararapes,CRAS CAJUEIRO SECO,,,RUA MARIA HELENA - 00,00,,,CAJUEIRO SECO,54330610,"-8.16907641577133\,-34.931867122650154",2019-10-28T20:00:09.646Z
26079015118,260790,PE,Jaboatão Dos Guararapes,CRAS ZUMBI DO PACHECO,,,RUA BELO HORIZONTE - 17,17,,,SUCUPIRA,54280633,"-8.1027534\,-34.97077039999999",2019-10-28T20:00:09.648Z
26079020613,260790,PE,Jaboatão Dos Guararapes,CRAS BARRA DE JANGADA,,,RUA PITANGA - 173,173,,Anexo da Escola Almirante Tamandaré.,Barra de Jangada,54490360,"-8.221556855905767\,-34.95447278022767",2019-10-28T20:00:09.650Z
26079037633,260790,PE,Jaboatão Dos Guararapes,CRAS SOCORRO,,,RUA GENERAL MANOEL RABELO - 43,43,JABOATÃO DOS GUARARAPES,EM FRENTE A ESCOLA TÉCNICA ESTADUAl,ENGENHO VELHO,54160000,"-8.111830675277103\,-35.013213157653816",2019-10-28T20:00:09.652Z
26079503426,260795,PE,Jaqueira,CRAS - CANTINHO DA FAMÍLIA,,,RUA VEREADOR LUIZ NOVACOSQUE - 200,200,,,CENTRO,55409000,"-8.729206776807628\,-35.796761512756355",2019-10-28T20:00:09.660Z
26080003471,260800,PE,Jataúba,CRAS BOA VISTA,,,AVENIDA JOSÉ LOPES DE SIQUEIRA - 355,355,CASA,,CENTRO,55180000,"-7.986480318861585\,-36.49923741817475",2019-10-28T20:00:09.661Z
26080515247,260805,PE,Jatobá,CRAS ACONCHEGO DAS FAMILIAS,,,RUA PARNAMIRIM - 32,32,,SALÃO PAROQUIAL,BOA ESPERANÇA,56470000,"-9.183405005737255\,-38.2680630683899",2019-10-28T20:00:09.667Z
26081004590,260810,PE,João Alfredo,Centro de Referência da Assistência Social,,,RUA Coronel José Ferreira da Silva - 00,00,casa,Rua da Igreja - em frente a Zé da Lojinha,Boa Vista,55720000,"-7.859571666335979\,-35.59211969375611",2019-10-28T20:00:09.670Z
26082002430,260820,PE,Joaquim Nabuco,CRAS - CENTRO DE REFERÊNCIA DA ASSISTÊNCIA SOCIAL,,,RUA CORONEL AUSTRÍCLINEO - 01,01,CASA,,CENTRO,55535000,"-8.627039118485822\,-35.52727460861207",2019-10-28T20:00:09.672Z
26082504587,260825,PE,Jucati,Casa das Famílias,,,AVENIDA Central - 81,81,Zona Rural,Px aos Correios,Vila Neves,55380000,"-8.755473347064394\,-36.43066406250001",2019-10-28T20:00:09.673Z
26083004685,260830,PE,Jupi,CRAS CENTRO DE REFERENCIA DE ASSISTENCIA SOCIAL,,,AVENIDA Napoleão Teixeira Lima - 0,0,,,centro,55395000,"-8.709365117530973\,-36.41602993011475",2019-10-28T20:00:09.675Z
26084012313,260840,PE,Jurema,CRAS - JOSÉ NUNES DE ALMEIDA,,,RUA JOAQUIM PORFIRIO DA SILVA - 167,167,,Saída para Lajedo,DISTRITO DE SANTO ANTONIO DAS QUEIMADAS,55485000,"-8.758972588780653\,-36.19162559509278",2019-10-28T20:00:09.680Z
26084501288,260845,PE,Lagoa do Carro,CRAS - CENTRO DE REFERENCIA DA ASSISTENCIA SOCIAL FERNANDO LOBO,,,RUA doze - 41,41,CASA,PROXIMO AO PSF FERNANDO LOBO,Loteamento José Fernando Lobo,55820000,"-7.837701217702647\,-35.31119853258134",2019-10-28T20:00:09.682Z
26085002186,260850,PE,Lagoa do Itaenga,CRAS - CASA DAS FAMÍLIAS,,,RUA PAULINO JOSÉ DE OLIVEIRA - 179,179,,PRÓXIMO A NELSON SOUZA,INDEPENDÊNCIA,55840000,"-7.929631164940558\,-35.29528498649598",2019-10-28T20:00:09.685Z
26086015580,260860,PE,Lagoa do Ouro,CRAS,,,RUA jose renato costa wanderley - 00,00,,Próximo a Creche Municipal,cohab II,55320000,"-9.121599528253293\,-36.453209335937515",2019-10-28T20:00:09.690Z
26087000914,260870,PE,Lagoa Dos Gatos,CRAS - Centro de Referência de Assistência Social Sebastiana Monteiro,,,RUA Euclides José Inácio da Silva - 06,06,,Ao Lado da Secretaria Municipal de Assistência Social.,Centro,55450000,"-8.652824940437775\,-35.90485990047455",2019-10-28T20:00:09.696Z
26087501135,260875,PE,Lagoa Grande,CASA DA FAMÍLIA,,,RUA José Alves Amorim - 00,00,,Próximo ao INSS,Morada Nova,56395000,"-8.989022559990392\,-40.27838945388794",2019-10-28T20:00:09.698Z
26087538080,260875,PE,Lagoa Grande,CRAS VERMELHOS,,,AVENIDA CENTRAL - 00,00,ZONA RURAL,Próximo a Igreja católica,VERMELHOS,56395000,"-9.075844491514104\,-40.12395858764649",2019-10-28T20:00:09.701Z
26088000075,260880,PE,Lajedo,CENTRO DE REFERENCIA DA ASSISTENCIA SOCIAL,,,RUA MAJOR CAPITU - 373,373,,PROXIMO AOS CORREIOS,CENTRO,55385000,"-8.6592907\,-36.319789300000025",2019-10-28T20:00:09.705Z
26089004592,260890,PE,Limoeiro,CRAS 1 - ALTO DE SÃO SEBASTIÃO,,,RUA Rua Luiz Correia de Oliveira - 166,166,casa,"Conhecida como ""Rua do Apito""",São Sebastião,55700000,"-7.868993\,-35.4429248",2019-10-28T20:00:09.707Z
26089020257,260890,PE,Limoeiro,CRAS 2 - FREI ESTEVÃO,,,RUA FREI ESTEVÃO - 85,85,,Próximo ao Sindicato dos Trabalhadores Rurais.,FREI ESTEVÃO,55700000,"-7.8798757\,-35.4595644",2019-10-28T20:00:09.709Z
26089038918,260890,PE,Limoeiro,CRAS 4 - LOTEAMENTO SANTANA,,,RUA Clóvis Coutinho - 47,47,,PRÓXIMO AO PSF.,Loteamento Santana,55700000,"-7.8864759\,-35.4440504",2019-10-28T20:00:09.711Z
26089038922,260890,PE,Limoeiro,CRAS 3 - SINHAZINHA,,,RUA FREI DAMIÃO - 213,213,,PRÓXIMO AO SOCIETY DE MARCOS MACARRÃO.,SINHAZINHA,55700000,"-7.8822458\,-35.4494369",2019-10-28T20:00:09.713Z
26090003384,260900,PE,Macaparana,CRAS - CENTRO DE REFERÊNCIA DE ASSISTÊNCIA SOCIAL - CASA DA FAMÍLIA MACAPARANA - PE,,,RUA DRº ALBERTO BEZERRA - 0,0,,Centro Social Urbano,ALVORADA,55865000,"-7.556621555874573\,-35.450198650360115",2019-10-28T20:00:09.715Z
26091006692,260910,PE,Machados,CRAS MACHADOS,,,RUA FELIPE CORREIA - 316,316,,Próximo ao destacamento da Polícia Militar,CENTRO,55740000,"-7.6866866169332395\,-35.51348805427551",2019-10-28T20:00:09.722Z
26091504684,260915,PE,Manari,CRAS - Centro de Referência da Assistência Social,,,RUA ALTO DO MORÇEGO - 25,25,CASA,PRÓXIMO AO PSF JOSEFA NADIR VIEIRA,CENTRO,56565000,"-8.990017358349933\,-37.69732851069421",2019-10-28T20:00:09.724Z
26092004137,260920,PE,Maraial,CENTRO DE REFERENCIA DA ASSISTENCIA SOCIAL,,,AVENIDA SALVADOR TEIXEIRA - 0,0,,,CENTRO,55405000,"-8.78433580420949\,-35.8106017112732",2019-10-28T20:00:09.733Z
26093004656,260930,PE,Mirandiba,CENTRO DE REFERÊNCIA DE ASSISTÊNCIA SOCIAL,,,RUA FRANCISCO TORRES DE CARVALHO - 350,350,CASA,próximo a padaria de Lala,PROJETADA,56980000,"-8.124919499999999\,-38.72772950000001",2019-10-28T20:00:09.735Z
26094000999,260940,PE,Moreno,CRAS - CASA DA FAMILIA,,,AVENIDA Cleto Campelo - 2029,2029,,"Após a Curva da Caveira, em frente ao Banco do Nordeste.",Centro,54800000,"-8.116512069355037\,-35.091321766376495",2019-10-28T20:00:09.738Z
26094037587,260940,PE,Moreno,CRAS Unidade Bonança,,,RUA SEVERINO GOMES DA ROCHA - 45,45,,NA RUA QUE FAZ ESQUINA COM O SALÃO DO REINO DAS TESTEMUNHAS DE JEOVÁ,BONANÇA,54800000,"-8.110245414896049\,-35.18883615732194",2019-10-28T20:00:09.744Z
26095030087,260950,PE,Nazaré da Mata,CRAS Casa das Famílias,,,RUA MANOEL JOSE DE ANDRADE - 0,0,,,ALTO DA BOA VISTA,55800000,"-7.7526875966433595\,-35.22903442382813",2019-10-28T20:00:09.749Z
26096003468,260960,PE,Olinda,CRAS 04 - Peixinhos,,,RUA Aderito Gomes de Araújo - 82,82,,CRAS na Rua da Padaria Pan Kennedy.,Peixinhos,53230610,"-8.01258057371813\,-34.87083613872529",2019-10-28T20:00:09.751Z
26096003475,260960,PE,Olinda,CRAS 01 - Passarinho,,,AVENIDA São José - 136,136,,Próximo ao USF Passarinho e a Escola Municipal Vereador José Mendes. Antiga sede do escritório do PROMETROPOLE-AVISI.,Passarinho,53160330,"-7.988515311132423\,-34.91265177726746",2019-10-28T20:00:09.753Z
26096003477,260960,PE,Olinda,CRAS 08 - Varadouro,,,AVENIDA Joaquim Nabuco - 774,774,,Ao lado da Escola Guedes Alcoforado.,Varadouro,53050310,"-8.013437431030642\,-34.855834543704994",2019-10-28T20:00:09.755Z
26096003482,260960,PE,Olinda,CRAS 09 - Rio Doce,,,AVENIDA Coronel Frederico Lundgren - 862,862,I Etapa,Próximo ao Verdão.,Rio Doce,53150000,"-7.965110679934136\,-34.84012484550477",2019-10-28T20:00:09.757Z
26096015274,260960,PE,Olinda,CRAS 03 - Sapucaia,,,RUA Malásia - 56,56,,Em frente a escola de enfermagem quitéria rosa.,Sapucaia,53270710,"-7.997144798260567\,-34.887143969535835",2019-10-28T20:00:09.759Z
26096015276,260960,PE,Olinda,CRAS 07 - Cidade Tabajara,,,RUA Nevada - 0,0,,Centro Social Urbano de Cidade Tabajara. Ao lado do Posto de Saúde.,Cidade Tabajara,53360150,"-7.972863113680337\,-34.86853480339051",2019-10-28T20:00:09.762Z
26096015277,260960,PE,Olinda,CRAS 06 - Bairro Novo,,,AVENIDA Governador Carlos de Lima Cavalcante - 153,153,,Pátio da Sulanca,Bairro Novo,53030260,"-8.003641627122555\,-34.84658360481263",2019-10-28T20:00:09.764Z
26096015338,260960,PE,Olinda,CRAS 05 - Vila Manchete,,,RUA Bulgari - 3,3,Ouro Preto,Ao lado do Posto de Saúde de Vila Manchete.,Vila Manchete,53333460,"-7.9997743530768695\,-34.86872255802155",2019-10-28T20:00:09.766Z
26096020114,260960,PE,Olinda,CRAS 02 - Águas Compridas,,,RUA João Pessoa - 388,388,,,Sapucaia de Fora,53270675,"-8.000842106857892\,-34.89071667194367",2019-10-28T20:00:09.768Z
26096035931,260960,PE,Olinda,CRAS 10 - Sítio Novo,,,AVENIDA Luiz Correia de Brito - 546,546,,Antes do Mercado Público de Sítio Novo. Ao lado do açougue.,Sítio Novo,53110000,,2019-10-28T20:00:09.770Z
26097003210,260970,PE,Orobó,CRAS - CENTRO DE REFERENCIA DA ASSISTENCIA SOCIAL DE OROBO,,,RUA JOÃO FELICIANO - 45,45,,Rua do Cruzeiro(próximo ao Centro do Artesanato),CENTRO,55745000,"-7.750063917181638\,-35.60281644857241",2019-10-28T20:00:09.772Z
26098001686,260980,PE,Orocó,CRAS - CENTRO DE REFERENCIA DE ASSISTENCIA SOCIAL,,,AVENIDA PREFEITO ULISSES DE NOVAES BIONE - 57,57,,Próximo Agência dos Correios.,CENTRO,56170000,"-8.619698693974385\,-39.60097074508668",2019-10-28T20:00:09.776Z
26099004629,260990,PE,Ouricuri,CRAS Nossa Senhora de Fatima,,,RUA Maria Generosa de Barros - 351,351,,,Nossa Senhora de Fatima,56200000,"-7.879047113413482\,-40.08594632148743",2019-10-28T20:00:09.778Z
26099004630,260990,PE,Ouricuri,CRAS Nossa Senhora do Carmo,,,AVENIDA Fernando Bezzera - 00,00,,Centro de Artes e Esportes Unificado - Praça CEUS.,Ipsep,56200000,"-7.892692665434723\,-40.089905261993415",2019-10-28T20:00:09.780Z
26099035193,260990,PE,Ouricuri,CRAS Capela de São Braz,,,AVENIDA CENTRAL - 261,261,casa,,CAPELA DE SAO BRAZ,56200000,"-7.87953598052604\,-40.07580757141113",2019-10-28T20:00:09.783Z
26100004481,261000,PE,Palmares,CRAS CASA DA FAMÍLIA,,,RUA LUÍS PORTELA DE CARVALHO - 1623,1623,,PRÓXIMO A BOMBA INJETORA OU A MERCEARIA DE SEU GERCINO.,NEWTON CARNEIRO,55540000,"-8.66553422980311\,-35.572944581508644",2019-10-28T20:00:09.784Z
26100020281,261000,PE,Palmares,CRAS CENTRO DE REFERÊNCIA DE ASSISTÊNCIA SOCIAL - FAMILIA ACOLHIDA,,,RUA OSMÍNIO COSTA - 452,452,CASA,,SANTO ONOFRE,55540000,"-8.68163699556976\,-35.58744192123414",2019-10-28T20:00:09.786Z
26100033717,261000,PE,Palmares,CRAS - TRABALHANDO PELA FAMILIA,,,RUA POSIDONIO JOAQUIM DA SILVA - 101,101,,Próximo a Antiga garagem municipal.,CENTRO,55540000,"-8.682904399486473\,-35.59505939483643",2019-10-28T20:00:09.789Z
26101004438,261010,PE,Palmeirina,CASA DAS FAMILIAS,,,RUA MANOEL BORBA - 00,00,Casa,,CENTRO,55310000,"-9.002771994158651\,-36.324867010116584",2019-10-28T20:00:09.791Z
26102004144,261020,PE,Panelas,CRAS - CENTRO DE REFERENCIA DE ASSISTÊNCIA SOCIAL MANOEL GONÇALO FERREIRA,,,RUA JOÃO CAVALCANTE - 88,88,CRUZES- PANELAS- PE,Próximo a Escola Rui Barbosa,VILA DE CRUZES ZONA RURAL,55473000,"-8.65504173869509\,-36.103649139404304",2019-10-28T20:00:09.793Z
26103002476,261030,PE,Paranatama,casa da familia,,,RUA francisco de paula melo - 58,58,,,centro,55355000,"-8.91941434893185\,-36.658705472946174",2019-10-28T20:00:09.795Z
26104001412,261040,PE,Parnamirim,CENTRO DE REFERENCIA DA ASSISTENCIA sOCIAL,,,AVENIDA ARISTANDE FERREIRA LIMA - 03,03,,Próximo a rodoviária em frente ao posto de saúde da bomba.,BOMBA,56163000,"-8.090863309361392\,-39.577045440673835",2019-10-28T20:00:09.807Z
26105001312,261050,PE,Passira,CRAS PASSIRA,,,RUA Manoel Ferreira de Moura - 60,60,Casa,Próximo a Prefeitura,CENTRO,55650000,"-7.978295440765811\,-35.583728671335855",2019-10-28T20:00:09.811Z
26106003923,261060,PE,Paudalho,CRAS Casa da família,,,RUA Rua 5 - 101,101,,SEGUNDA RUA APÓS A CRECHE,Loteamento primavera,55825000,"-7.897160789063375\,-35.16772985491116",2019-10-28T20:00:09.814Z
26107001438,261070,PE,Paulista,CRAS III,,,RUA Dourado - 88,88,,Ao lado a pizzaria kero mais na entrada da Manepá.,JANGA,53437510,"-7.928377265575677\,-34.82204675674439",2019-10-28T20:00:09.821Z
26107004687,261070,PE,Paulista,CRAS II,,,AVENIDA MINISTRO MARCOS DE BARROS FREIRE - 45,45,,SENAC PAULISTA,JARDIM PAULISTA BAIXO,53421035,"-7.941\,-34.87299999999999",2019-10-28T20:00:09.823Z
26107004688,261070,PE,Paulista,CRAS I,,,RUA CARPINA - 45,45,,PROXIMO A RUA EM FRENTE AO ANTIGO POSTO DE NANDO PERTO DA RUA GARANHUNS,ARTHUR LUNDGREN I,53417220,"-7.937556\,-34.89063999999996",2019-10-28T20:00:09.825Z
26107004689,261070,PE,Paulista,CRAS IV,,,RUA 32 - 671,671,,,MARANGUAPE II,53421201,"-7.9324178\,-34.85800440000003",2019-10-28T20:00:09.827Z
26107004824,261070,PE,Paulista,CRAS V,,,RUA FUNILANDIA - 61,61,,,LOTEAMETO CONCEICAO II,53429680,"-7.9184546\,-34.8209559",2019-10-28T20:00:09.829Z
26107038074,261070,PE,Paulista,CRAS VI,,,RUA Noventa e seis - 220,220,,Ao lado do Centro de Treinamento da Policia Militar - Centro de aviação,Maranguape I,53441460,"-7.9449682\,-34.86082210000001",2019-10-28T20:00:09.832Z
26108004593,261080,PE,Pedra,CRAS - CENTRO,,,RUA VALDECI BEZERRA DOS SANTOS - 65,65,,,JOSÉ CAMPELO SALVIANO,55280000,"-8.50219015027654\,-36.94871664047242",2019-10-28T20:00:09.834Z
26109004573,261090,PE,Pesqueira,CRAS - Prado (Unidade I),,,RUA HISTORIADOR LUÍS WILSON DE SÁ FERRAZ - 60,60,,PRÓXIMO AO CASTELO,Prado,55200000,"-8.357069002970258\,-36.68399333953858",2019-10-28T20:00:09.838Z
26109004624,261090,PE,Pesqueira,CRAS - Eucalipto (Unidade II),,,AVENIDA PAULO GUERRA - 18,18,CASA,NO INÍCIO DA AVENIDA QUE LIGA O BAIRRO COM O PARQUE DE EXPOSIÇÃO,CENTRAL,55200000,"-8.366770911875614\,-36.70581579208375",2019-10-28T20:00:09.840Z
26110004594,261100,PE,Petrolândia,CRAS Casa das Familias,,,AVENIDA Marieta Cavalcante de Souza - 186,186,Quadra 17,,Quadra 17,56460000,"-8.971338399999999\,-38.224841200000014",2019-10-28T20:00:09.846Z
26111001750,261110,PE,Petrolina,CRAS JOÃO DE DEUS,,,AVENIDA Terezinha Campos - 0,0,,,JOÃO DE DEUS,56300000,"-9.357395037770647\,-40.533386774443784",2019-10-28T20:00:09.852Z
26111001752,261110,PE,Petrolina,CRAS IZACOLÂNDIA,,,RUA SANTA TEREZINHA - 52,52,CENTRO,,IZACOLÂNDIA,56343000,"-9.006019857416916\,-40.27248859405518",2019-10-28T20:00:09.854Z
26111001753,261110,PE,Petrolina,CRAS FERNANDO IDALINO,,,RUA UM - 50,50,,,FERNANDO IDALINO,56300000,"-9.387440546218404\,-40.474190711975105",2019-10-28T20:00:09.856Z
26111004697,261110,PE,Petrolina,CRAS DOM AVELAR,,,AVENIDA DO SENTIMENTO - 121,121,,,DOM AVELAR,56300000,"-9.355831834121883\,-40.48830986022949",2019-10-28T20:00:09.858Z
26111020424,261110,PE,Petrolina,CRAS RIO CORRENTE,,,RUA DO TAMARINDO (Rua 11) - 00,00,,,RIO CORRENTE,56312695,"-9.394174701617377\,-40.54884189017412",2019-10-28T20:00:09.859Z
26111020433,261110,PE,Petrolina,CRAS JOSÉ E MARIA,,,RUA AMAZONAS - 81,81,,MERCADO MARIZA,JOSÉ E MARIA,56320580,"-9.372705697616437\,-40.49179136753082",2019-10-28T20:00:09.861Z
26111020436,261110,PE,Petrolina,CRAS URUAS,,,SITIO KM 45 - 85,85,CASA,,uruais,56339500,"-8.940039607415455\,-40.57411909103394",2019-10-28T20:00:09.863Z
26111037787,261110,PE,Petrolina,CRAS PROJETO SENADOR NILO COELHO N-07,,,RUA B - 130,130,D,,Projeto Senador Nilo Coelho,56300000,"-9.289090553641936\,-40.506634712219245",2019-10-28T20:00:09.865Z
26111037795,261110,PE,Petrolina,CRAS AGROVILA MASSANGANO,,,RUA A - 0,0,,Próximo a Igreja Assembléia,Agrovila Massangano,56353700,"-9.441992132203508\,-40.56946277618409",2019-10-28T20:00:09.867Z
26111037797,261110,PE,Petrolina,CRAS RAJADA,,,AVENIDA NILO COELHO - 370,370,,Posto de Combustivel,Rajada,56345000,"-8.810619680452502\,-40.83216905593872",2019-10-28T20:00:09.869Z
26112015506,261120,PE,Poção,CRAS - CENTRO,,,AVENIDA Maria Andrade - 106,106,casa,,CENTRO,55240000,"-8.187793675915362\,-36.70280635356904",2019-10-28T20:00:09.871Z
26113000736,261130,PE,Pombos,CRAS,,,LOTEAMENTO Jose Maurício de Melo - 52,52,,Próximo à escola Toque Mágico,CENTRO,55630000,"-8.142844225655255\,-35.39633989334107",2019-10-28T20:00:09.875Z
26114000095,261140,PE,Primavera,CRAS 1 - NOVA ESPERANÇA CENTRO DE REFERÊNCIA DE ASSISTÊNCIA SOCIAL,,,RUA NOVA AURORA - 31,31,,EM FRENTE AO GINÁSIO POLIESPORTIVO.,BAIRRO JOÃO MURILO,55510000,"-8.33927800489491\,-35.352287292480476",2019-10-28T20:00:09.877Z
26115004507,261150,PE,Quipapá,CRAS Centro de Referência de Assistência Social,,,RUA Tito Galvão - SN,SN,Térreo,Próximo a agência das Lotérica.,Centro,55415000,"-8.8283884\,-36.01215239999999",2019-10-28T20:00:09.881Z
26115300597,261153,PE,Quixaba,CRAS - CENTRO DE REFERÊNCIA DA ASSISTÊNCIA SOCIAL DE QUIXABA,,,PRAÇA ANTÔNIO PEREIRA DE CARVALHO - 19,19,CASA,POR TRÁS DA TELPE DA OI,CENTRO,56828000,"-7.718476390720667\,-37.79434204101563",2019-10-28T20:00:09.882Z
26116004476,261160,PE,Recife,CRAS Alto Santa Terezinha,,,"AVENIDA Aníbal Benévolo, s/n - 0",0,,"No Centro Comunitário da Paz - COMPAZ - Alto Santa Terezinha, ao lado da Academia da Cidade.",Alto Santa Terezinha,52131000,"-8.0095337\,-34.8973642",2019-10-28T20:00:09.886Z
26116004478,261160,PE,Recife,CRAS Campina do Barreto,,,RUA Iguatu - 0,0,,por trás da Policlínica Amaury de Medeiros.,Campina do Barreto,52027030,"-8.016029313378768\,-34.882344099783154",2019-10-28T20:00:09.888Z
26116004479,261160,PE,Recife,CRAS Santo Amaro,,,AVENIDA Norte Miguel Arraes - 869,869,,"Centro de Juventude, Governo do Estado.",Santo Amaro,50040200,"-8.043369364919247\,-34.884113073349006",2019-10-28T20:00:09.890Z
26116004480,261160,PE,Recife,CRAS Alto do Mandú,,,AVENIDA Dr. Eurico Chaves - 379,379,,Antigo Centro Social Urbano Nilo Coelho,Casa Amarela,52071250,"-8.024932225414925\,-34.92717593908311",2019-10-28T20:00:09.892Z
26116004482,261160,PE,Recife,CRAS Dois Irmãos,,,AVENIDA Professor Claudio Selva - 99,99,,"UFRPE, entrada de Sítio dos Pintos.",Dois Irmãos,52171260,"-8.0161786\,-34.94524949999999",2019-10-28T20:00:09.894Z
26116004483,261160,PE,Recife,CRAS Cordeiro,,,RUA Odete Monteiro - 450,450,Conjunto Residencial Casarão do Cordeiro,casarão do Cordeiro.,Cordeiro,50711440,"-8.045358747685174\,-34.92162728395704",2019-10-28T20:00:09.897Z
26116004484,261160,PE,Recife,CRAS Torrões,,,RUA Ijuí - 46,46,,,Torrões,50640070,"-8.0549763\,-34.9343989",2019-10-28T20:00:09.899Z
26116004486,261160,PE,Recife,CRAS Totó,,,"AVENIDA 11 de Agosto, s/n - 0",0,,Centro Social Urbano Bidu Krause,Totó,50791480,"-8.079710010542296\,-34.970566034317024",2019-10-28T20:00:09.903Z
26116004488,261160,PE,Recife,CRAS Pina,,,RUA Tomé Gibson - 455,455,,,Pina,51011480,"-8.097958771241048\,-34.88832950592042",2019-10-28T20:00:09.905Z
26116004490,261160,PE,Recife,CRAS Ibura de Baixo,,,AVENIDA Dois Rios - 521,521,,Em frente a Igreja Elshaday.,Ibura,51230000,"-8.112627286173916\,-34.93840903043748",2019-10-28T20:00:09.907Z
26116038748,261160,PE,Recife,CRAS Ibura de Cima/COHAB,,,RUA Pedro Malazart - 20,20,,"Próximo a Upinha UR4, UR5 e da Academia da Cidade.",Ibura,51300020,"-8.132058791979818\,-34.94755536317826",2019-10-28T20:00:09.909Z
26116038750,261160,PE,Recife,CRAS Bongi,,,AVENIDA General Abdias de Carvalho - 1083,1083,,No COMPAZ Ariano Suassuna,Madalena,50630810,"-8.060100701973642\,-34.926373958587654",2019-10-28T20:00:09.912Z
26117004595,261170,PE,Riacho Das Almas,CRAS Janim Mota,,,RUA José Felismino - 604,604,,,Centro,55120000,"-8.131748252032859\,-35.860944406004364",2019-10-28T20:00:09.914Z
26117020176,261170,PE,Riacho Das Almas,CRAS Alto do Jiquirí,,,RUA JOAQUIM SIMOA - 109,109,,Ao lado do PSF,ALTO DO JIQUIRI,55120000,"-8.13840476176954\,-35.85607051849366",2019-10-28T20:00:09.917Z
26118002127,261180,PE,Ribeirão,CRAS Centro de Referência de Assistência Social,,,AVENIDA RÁDIO CLUBE - 118,118,,PRÓXIMO A PRAÇA DA PREFEITURA,CENTRO,55520000,"-8.51213246121128\,-35.37436723709107",2019-10-28T20:00:09.921Z
26119002065,261190,PE,Rio Formoso,CASA DAS FAMÍLIAS,,,RUA SIQUEIRA CAMPOS - 100,100,PREDIO,,CENTRO,55570000,"-8.665558094119445\,-35.15640020370484",2019-10-28T20:00:09.927Z
26120002840,261200,PE,Sairé,CRAS - Centro de Referência da Assistência Social - Sairé,,,RUA PROJETADA - 00,00,,Próximo as casas da caixa econômica.,Vale Verde,55695000,"-8.324543558058169\,-35.71123123168946",2019-10-28T20:00:09.930Z
26120030432,261200,PE,Sairé,CRAS - Centro de referência da Assistência Social - Insurreição,,,RUA INSURREIÇÃO - 0,0,,Próximo a Escola de Miguel Mano,Zona Rural,55695000,"-8.325138042157784\,-35.70966482162476",2019-10-28T20:00:09.933Z
26121004596,261210,PE,Salgadinho,CRAS - CASA DAS FAMÍLIAS,,,SITIO PISSARREIRA - 0,0,,PRÓXIMO AO ANEXO DA ESCOLA PRESIDENTE MÉDICI,CENTRO,55675000,"-7.912820094788453\,-35.60207605361939",2019-10-28T20:00:09.936Z
26122004450,261220,PE,Salgueiro,CRAS I,,,RUA JOSÉ GOMES DE SÁ - 00,00,PRÉDIO,"Vizinho a Creche Letícia Roza, antigo prédio do CSU",DIVINO ESPÍRITO SANTO,56000000,"-8.070707480258863\,-39.111210107803345",2019-10-28T20:00:09.943Z
26122004452,261220,PE,Salgueiro,CRAS II,,,PRAÇA LUIZ PACÍFICO DA LUZ - 0,0,PRAÇA CEUs,PRÓXIMO A ESCOLA ESTADUAL MAURINA,COHAB,56000000,"-8.072104346192608\,-39.142141342163086",2019-10-28T20:00:09.946Z
26123004597,261230,PE,Saloá,CRAS Centro de Referencia da Assistencia Social,,,PRAÇA São Vicente - 28,28,,AO LADO DO INSS E ATACADÃO BARRA NOVA,CENTRO,55350000,"-8.975998529805823\,-36.688671112060554",2019-10-28T20:00:09.948Z
26124002140,261240,PE,Sanharó,CRAS PADRE NOVAL,,,RUA Vereador Jonas Américo de Freitas - 33,33,casa,,Pe. Noval,55250000,"-8.36092219701078\,-36.558637619018555",2019-10-28T20:00:09.951Z
26124032081,261240,PE,Sanharó,CRAS NOSSA SENHORA DE FÁTIMA,,,LOTEAMENTO Rua Eriberto Américo de Freitas - 30,30,casa,LOTEAMENTO N. SRA DE FATIMA,N. SRA DE FATIMA,55250000,"-8.358969067600027\,-36.56122326850891",2019-10-28T20:00:09.959Z
26124503481,261245,PE,Santa Cruz,CRAS VILA NOVA,,,RUA HERCÍLIO ARAUJO FERREIRA - 119,119,,VIZINHO A ESCOLA MUNICIPAL ANSELMO,CENTRO,56215000,"-8.2380855128587\,-40.328542068478384",2019-10-28T20:00:09.965Z
26124704612,261247,PE,Santa Cruz da Baixa Verde,CRAS Casa das famílias,,,RUA JOÃO ROQUE - 349,349,casa,VIZINHO A PREFEITURA,centro,56895000,"-7.821\,-38.15300000000002",2019-10-28T20:00:09.967Z
26125000659,261250,PE,Santa Cruz do Capibaribe,CRAS- CASA DAS FAMÍLIAS DONA DORES MARQEUS,,,RUA RAIMUNDA MARIA ARAGÃO - 51,51,,VIZINHO AO CABANA CLUB,BELA VISTA,55190000,"-7.944587339191879\,-36.2141078710556",2019-10-28T20:00:09.975Z
26125037723,261250,PE,Santa Cruz do Capibaribe,CRAS JULIO CESAR,,,RUA JOSÉ AURELIO DA SILVA - 00,00,,,SANTO AGOSTINHO,55190000,"-7.935579165144427\,-36.19688808917999",2019-10-28T20:00:09.978Z
26125038640,261250,PE,Santa Cruz do Capibaribe,CRAS PRAÇA DO CEU,,,RUA BENTO MARQUES JUNIOR - 0,0,,,SANTA FILOMENA,55190000,"-7.943200661743685\,-36.221569776535034",2019-10-28T20:00:09.983Z
26125504693,261255,PE,Santa Filomena,CRAS Centro de Referência da Assistência Social,,,RUA Elcivan Silva Gomes - 80,80,casa,Por trás do Posto de Combustível Seriema.,Centro,56210000,"-8.158291799999999\,-40.61118540000001",2019-10-28T20:00:09.989Z
26126001394,261260,PE,Santa Maria da Boa Vista,CENTRO DE REFERÊNCIA DE ASSISTENCIA SOCIAL- CASA DAS FAMÍLIAS,,,RUA JOAQUIM NABUCO - 202,202,CASA,,CENTRO,56380000,,2019-10-28T20:00:09.992Z
26127000057,261270,PE,Santa Maria do Cambucá,CRAS,,,RUA Doutor Agripino de Almeida - 272,272,,EM FRENTE ESCOLA JOÃO DAVID DE SOUZA,CENTRO,55765000,"-7.833813785171751\,-35.880897045135505",2019-10-28T20:00:09.999Z
26128000927,261280,PE,Santa Terezinha,CRAS CASA DA FAMÍLIA,,,RUA AFONSO FERREIRA NETO - 173,173,CASA,,Centro,56750000,"-7.377278027309667\,-37.47921466827393",2019-10-28T20:00:10.001Z
26129001468,261290,PE,São Benedito do Sul,CRAS - Centro de Referencia de Assistência Social,,,RUA Presidente João Pessoa - 15,15,CASA,,CENTRO,55410000,"-8.8151892158719\,-35.934562683105476",2019-10-28T20:00:10.007Z
26130000046,261300,PE,São Bento do Una,CRAS ANTONIO MATIAS,,,RUA 05 - 21,21,,Escola Ester Siqueira de souza,IRAQUE,55370000,"-8.516652572707633\,-36.4315277338028",2019-10-28T20:00:10.011Z
26130020527,261300,PE,São Bento do Una,CRAS SANTO AFONSO,,,RUA OITO - 425,425,,Próximo ao poço comunitário,SANTO AFONSO II,55370000,"-8.533321348391809\,-36.449428796768196",2019-10-28T20:00:10.014Z
26131004599,261310,PE,São Caitano,CRAS EROTIDES XAVIER DE PONTES,,,RUA Othon Bezerra de Melo - 137,137,,Próximo do antigo postinho,Centro,55130000,"-8.326815331715586\,-36.13720893859864",2019-10-28T20:00:10.027Z
26131035399,261310,PE,São Caitano,CRAS CABUGÁ,,,RUA José Raimundo da Silva - 00,00,,Antigo Prédio da Cilpe,Cabugá,55130000,"-8.325286663041648\,-36.144847869873054",2019-10-28T20:00:10.035Z
26132000935,261320,PE,São João,CRAS SAO JOAO,,,RUA JOAQUIM JOSE VILELA - 35,35,,Próximo à Prefeitura de São João.,CENTRO,55435000,"-8.8761832\,-36.3656484",2019-10-28T20:00:10.038Z
26133036207,261330,PE,São Joaquim do Monte,CRAS JOSÉ JOAQUIM FLORÊNCIO,,,RUA AMARO CABRAL DOS SANTOS - 00,00,CASA,PRÓXIMO A ESCOLA MUNICIPAL JOSE PORFIRIO DE CARVALHO,CENTRO,55670000,"-8.431578546689618\,-35.81633090972901",2019-10-28T20:00:10.044Z
26134004600,261340,PE,São José da Coroa Grande,CENTRO DE REFERÊNCIA DA ASSISTÊNCIA SOCIAL,,,RUA JÚLIO BELO - 90,90,B,PRÓXIMO AO SALÃO PAROQUIAL,CENTRO,55565000,,2019-10-28T20:00:10.048Z
26135004441,261350,PE,São José do Belmonte,CASA DAS FAMILIAS,,,RUA São Paulo - 0,0,,Ao lado do Posto de Saúde Adelmo Alves Terto,VILA DELMIRO,56950000,"-7.858312240322113\,-38.74747037887573",2019-10-28T20:00:10.050Z
26136000378,261360,PE,São José do Egito,CRAS PLANALTO,,,RUA ROSA MARIA SOARES - 0,0,,PROXIMO ACADEMIA DA CIDADE,PAJEU,56700000,"-7.470788008721098\,-37.27806687311386",2019-10-28T20:00:10.053Z
26136020100,261360,PE,São José do Egito,CRAS SÃO JOÃO,,,TRAVESSA 06 de Janeiro - 0,0,,Antiga Rua da Salgadeira,Centro,56700000,"-7.478917547195666\,-37.27683454753788",2019-10-28T20:00:10.055Z
26137004130,261370,PE,São Lourenço da Mata,CRAS II CENTRO,,,AVENIDA MIGUEL LABANCA - 74,74,,Próximo à Escola Conde Correia de Araújo,VILA DO REINADO,54735000,"-7.99210609888859\,-35.043956637382514",2019-10-28T20:00:10.057Z
26137004131,261370,PE,São Lourenço da Mata,CRAS III - MATRIZ DA LUZ,,,RUA ERCINA LAPENDA - 198,198,,,MATRIZ DA LUZ,59749000,"-8.042232671243832\,-35.09891510009766",2019-10-28T20:00:10.061Z
26137004134,261370,PE,São Lourenço da Mata,CRAS I TIUMA,,,RUA NOVA - 32,32,,PRÓXIMO A IGREJA SANTO ANTÔNIO,TIUMA,54700000,"-7.976855486709743\,-35.072001814842224",2019-10-28T20:00:10.064Z
26138001180,261380,PE,São Vicente Ferrer,CRAS - CENTRO REFERÊNCIA DE ASSISTÊNCIA SOCIAL,,,PRAÇA PEDRO PEREIRA GUEDES - 0,0,,Próximo ao laboratório,CENTRO,55860000,"-7.591249918004402\,-35.48786181545256",2019-10-28T20:00:10.072Z
26139004602,261390,PE,Serra Talhada,CRAS - CENTRO DE REFERÊNCIA DE ASSISTÊNCIA SOCIAL - BOM JESUS,,,RUA FRANCISCO ALVES - 1404,1404,,,BOM JESUS,56906320,"-7.988856500000001\,-38.30741230000001",2019-10-28T20:00:10.076Z
26139006674,261390,PE,Serra Talhada,CRAS MUTIRÃO,,,"QUADRA 01, LOTE 27 - 27",27,,PRÓXIMO A IGREJA CATÓLICA,MUTIRÃO,56900000,"-7.973977422648086\,-38.28835129737855",2019-10-28T20:00:10.079Z
26139020621,261390,PE,Serra Talhada,CRAS CAXIXOLA,,,AVENIDA OLIMPIO MENEZES LEAL - 0,0,,CENTRO DE ARTES E ESPORTES UNIFICADOS-CEU,JOSE RUFINO ALVES,56900000,"-7.998037255129476\,-38.303146362304695",2019-10-28T20:00:10.084Z
26139035381,261390,PE,Serra Talhada,CRAS BORBOREMA,,,AVENIDA VICENTE INÁCIO OLIVEIRA - 1372,1372,,BR 232 KM 415,BORBOREMA,56906073,"-7.980825242796731\,-38.30709457397462",2019-10-28T20:00:10.088Z
26140004505,261400,PE,Serrita,CRAS NEUSA DE LIMA SAMPAIO,,,RUA CORONEL ROMÃO SAMPAIO - 50,50,,,CENTRO,56140000,"-7.944815795180356\,-39.2941153049469",2019-10-28T20:00:10.095Z
26141002128,261410,PE,Sertânia,CRAS Centro de Referência de Assistência Social - CRAS,,,RUA MARIA DOS ANJOS - 123,123,Casa,CENTRO SOCIAL URBANO,centro,56600000,"-8.070038666243173\,-37.269913899475114",2019-10-28T20:00:10.097Z
26142009396,261420,PE,Sirinhaém,CRAS CASA DAS FAMILIAS,,,RUA SEBASTIÃO CHAVES - 0,0,,EM FRENTE AO CENTRO EDUCACIONAL CRISTO REDENTOR,CENTRO,55580000,"-8.591651020216803\,-35.1170039176941",2019-10-28T20:00:10.109Z
26143002641,261430,PE,Moreilândia,CRAS SANTA TEREZINHA,,,RUA MANOEL ANTONIO DE QUEIROZ - 40,40,CASA,,CENTRO,56150000,"-7.627055772356604\,-39.54973518848419",2019-10-28T20:00:10.113Z
26144004617,261440,PE,Solidão,CRAS,,,RUA ELIZEU LUIZ DE LIMA - 00,00,CASA,,RIACHO VERDE,56795000,"-7.5951273\,-37.644832699999995",2019-10-28T20:00:10.116Z
26145006372,261450,PE,Surubim,CRAS Manoel Camelo da Silva,,,RUA Dezenove de Julho - 105,105,,Próximo à Praça São Marcelino.,São José,55750000,"-7.833832843550894\,-35.75045917116387",2019-10-28T20:00:10.130Z
26145038998,261450,PE,Surubim,CRAS Francelino Fabrício de Brito,,,AVENIDA Gilberto Xavier - 0,0,,,Coqueiro,55750000,"-7.832\,-35.756",2019-10-28T20:00:10.132Z
26146004603,261460,PE,Tabira,CRAS - Casa das Famílias,,,RUA ANTÔNIO CORDEIRO DE SOUSA - 000,000,Casa,,JOÃO CORDEIRO,56780000,"-7.598970400000001\,-37.537409000000025",2019-10-28T20:00:10.136Z
26146011974,261460,PE,Tabira,CRAS - Casa das Famílias,,,RUA JOJÓ CORDEIRO - 2545,2545,casa,,Centro,56780000,"-7.598364501423636\,-37.52998352050781",2019-10-28T20:00:10.139Z
26147000900,261470,PE,Tacaimbó,CRAS Monica Celmar,,,RUA Rua Doutor Artur Barbosa Maciel - 96,96,,academia das cidades,Centro,55140000,"-8.309089799999999\,-36.30036239999998",2019-10-28T20:00:10.146Z
26148004420,261480,PE,Tacaratu,CRAS - CENTRO DE REFERENCIA DA ASSISTÊNCIA SOCIAL DE TACARATU,,,RUA GETULIO VARGAS - 8,8,Casa,Próximo ao Ginásio Poliesportivo Carlos Pereira de Araujo.,CENTRO,56480000,"-9.103770545532061\,-38.1502389907837",2019-10-28T20:00:10.150Z
26148502316,261485,PE,Tamandaré,CRAS - CENTRO DE REFERENCIA DA ASSISTENCIA SOCIAL,,,LOTEAMENTO Santo Inácio - 0000,0000,CASA,escola mundo mágico,CENTRO,55578000,"-8.748245010373136\,-35.10028839111328",2019-10-28T20:00:10.155Z
26150006789,261500,PE,Taquaritinga do Norte,CRAS AZINETE TAVARES VIRGINO BEZERRA - PÃO DE AÇÚCAR,,,RUA SEVERINO PEREIRA - 160,160,,por trás da antiga Usina,PÃO DE AÇUCAR,55790000,"-7.9390378\,-36.13003400000002",2019-10-28T20:00:10.157Z
26150034853,261500,PE,Taquaritinga do Norte,CRAS BEATRIZ CURVELO BARBOSA - CENTRO,,,RUA dos Jasmins - 28,28,,Em frente ao INSS,CENTRO,55790000,"-7.901389000000001\,-36.04561180000002",2019-10-28T20:00:10.162Z
26150036503,261500,PE,Taquaritinga do Norte,CRAS JOSÉ FERREIRA GOMES -JERIMUM,,,RUA TANCREDO NEVES - 000,000,,Próximo a Escola Chefe Leandro,JERIMUM,55790000,"-7.903\,-36.04399999999998",2019-10-28T20:00:10.165Z
26151002121,261510,PE,Terezinha,CRAS CENTRO DE REFERÊNCIA DE ASSISTÊNCIA SOCIAL - CASA DAS FAMÍLIAS,,,RUA Praça Dr. Francisco Pereira Lopes - 39,39,,Em frente a Praça Dr. Francisco Pereira Lopes,CENTRO,55305000,"-9.055825596634058\,-36.62306159734726",2019-10-28T20:00:10.167Z
26152004880,261520,PE,Terra Nova,CRAS CASA DA FAMILIA,,,AVENIDA AGAMENON MAGALHAES - 121,121,casa,ao lado da farmacia basica,CENTRO,56190000,"-8.228373919508945\,-39.37587976455689",2019-10-28T20:00:10.176Z
26153004417,261530,PE,Timbaúba,CRAS ESPAÇO DE ACOLHIDA,,,RUA LAURO BORBA - 230,230,,,JARDIM GUARANY,55870000,"-7.5028661\,-35.3196513",2019-10-28T20:00:10.181Z
26154004763,261540,PE,Toritama,CRAS PLANALTO,,,AVENIDA Projetada - 295,295,,,Planalto,55125000,,2019-10-28T20:00:10.184Z
26155003815,261550,PE,Tracunhaém,CRAS Casa da Família,,,RUA Rua 01 - 10,10,,,Lot. Liberdade,55805000,"-7.805\,-35.24000000000001",2019-10-28T20:00:10.191Z
26156003872,261560,PE,Trindade,CRAS Eliza Delmondes da Silva,,,RUA JOSÉ FELICIANO - 956,956,CRAS,Atrás do INSS,SÃO SEBASTIÃO,56250000,"-7.766911326246719\,-40.26281118392945",2019-10-28T20:00:10.208Z
26157004272,261570,PE,Triunfo,CRAS CASA DAS FAMÍLIAS,,,RUA OSCAR LOPES DE SIQUEIRA - 185,185,,,ALTO DA BOA VISTA,56870000,"-7.877823614658755\,-38.132840171456344",2019-10-28T20:00:10.211Z
26158004442,261580,PE,Tupanatinga,CRAS DEUSA BRANCA,,,RUA SANTOS DUMONT - 62,62,CASA,Em frente a Prefeitura Municipal,CENTRO,56540000,"-8.753394993979316\,-37.34100043773652",2019-10-28T20:00:10.212Z
26159001827,261590,PE,Tuparetama,CRAS - CASA DA FAMILIA,,,RUA FARMACEUTICO ALEIXINHO - 1,1,,Antigo prédio do Rotary Club.,CENTRO,56760000,"-7.602\,-37.311000000000035",2019-10-28T20:00:10.215Z
26160001777,261600,PE,Venturosa,CRAS - Centro de Referência de Assistência Social Janete Biliu,,,RUA Francisco Pereira de Carvalho Barros - 0,0,Casa,,Campo Grande,55270000,"-8.578008322677602\,-36.87340557575226",2019-10-28T20:00:10.216Z
26161004659,261610,PE,Verdejante,CASA DAS FAMILIAS,,,RUA ANTONIO CECILIO RANGEL - 00,00,CASA,Antiga Casa do Juiz,CENTRO,56120000,"-7.926081982261964\,-38.97193908691407",2019-10-28T20:00:10.218Z
26161815521,261618,PE,Vertente do Lério,CRAS CASA DA FAMILIA,,,AVENIDA capitão luiz de frança - 06,06,,EM FRENTE AO POSTO DE GASOLINA,CENTRO,55760000,"-7.77377851513559\,-35.84997653961182",2019-10-28T20:00:10.221Z
26162015410,261620,PE,Vertentes,CRAS MANOEL ALVES BEZERRA,,,SITIO LAGOA SALGADA - 1,1,,,ZONA RUARAL,55770000,"-7.918904591031459\,-35.9863682914841",2019-10-28T20:00:10.226Z
26163001038,261630,PE,Vicência,CRAS - CENTRO DE REFERENCIA DA ASSISTENCIA SOCIAL - COMUNIDADE CRISTÃ,,,PRAÇA MARIO RAMOS DE ANDRADE LIMA - 01,01,,PRÓXIMO AO NUCLEO DA POLICIA - NISC E DA IGREJA ASSEMBLEIA DE DUES DE VICENCIA/PE,CENTRO,55850000,"-7.652959211092705\,-35.319585800170906",2019-10-28T20:00:10.228Z
26164004604,261640,PE,Vitória de Santo Antão,CRAS LÍDIA QUEIROZ,,,AVENIDA ADÉLIO ANDRADE - 0,0,,Próximo ao mercadinho de murilo,Lidia Queroz,55600000,"-8.124979863664558\,-35.28252840042115",2019-10-28T20:00:10.231Z
26164030383,261640,PE,Vitória de Santo Antão,CRAS Lagoa Redonda,,,RUA DOM JOÃO COSTA - 758,758,,,MAUÉS,55600000,"-8.12202717548525\,-35.312075614929206",2019-10-28T20:00:10.234Z
26164035509,261640,PE,Vitória de Santo Antão,CRAS MARIO BEZERRA,,,RUA SANTA EFIGÊNIA - 105,105,,"NA CURVA DO ""S"".",MÁRIO BEZERRA,55614410,"-8.125001105946867\,-35.29057502746583",2019-10-28T20:00:10.235Z
26164035511,261640,PE,Vitória de Santo Antão,CRAS MILITINA,,,"QUADRA E, Lot. Militina. - 000",000,,"Próximo ao Conjunto Habitacional:Minha casa, Minha Vida.",Militina,55600000,"-8.10116655878389\,-35.277142524719245",2019-10-28T20:00:10.238Z
26164035951,261640,PE,Vitória de Santo Antão,CRAS BELA VISTA II,,,RUA COLINAS DO CANADÁ - 270,270,,,BELA VISTA,55600000,"-8.106604868655765\,-35.294394493103034",2019-10-28T20:00:10.240Z
26165001060,261650,PE,Xexéu,CENTRO DE REFERÊNCIA DA ASSISTÊNCIA SOCIAL- CASA DAS FAMÍLIAS.,,,AVENIDA JUVENAL VIEIRA - 0,0,,HOSPITAL SANTA JOANA,BOA VISTA,55555000,"-8.807603332037148\,-35.6269133090973",2019-10-28T20:00:10.241Z
